{
  "achievements": {
    "security_rookie": {
      "id": "security_rookie",
      "name": "Security Rookie",
      "description": "Performed your first security scan",
      "icon": "🛡️",
      "points": 50,
      "category": "security",
      "rarity": "common",
      "unlocked": false,
      "condition": {
        "type": "scan_count",
        "value": 1
      }
    },
    "time_manager": {
      "id": "time_manager",
      "name": "Time Manager",
      "description": "Stayed within daily browsing limit for 3 consecutive days",
      "icon": "⏰",
      "points": 100,
      "category": "wellness",
      "rarity": "common",
      "unlocked": false,
      "condition": {
        "type": "daily_limit_streak",
        "value": 3
      }
    },
    "threat_hunter": {
      "id": "threat_hunter",
      "name": "Threat Hunter",
      "description": "Blocked 10 security threats",
      "icon": "🎯",
      "points": 200,
      "category": "security",
      "rarity": "uncommon",
      "unlocked": false,
      "condition": {
        "type": "threats_blocked",
        "value": 10
      }
    },
    "privacy_guardian": {
      "id": "privacy_guardian",
      "name": "Privacy Guardian",
      "description": "Maintained 90+ privacy score for 7 consecutive days",
      "icon": "🔒",
      "points": 300,
      "category": "privacy",
      "rarity": "rare",
      "unlocked": false,
      "condition": {
        "type": "privacy_score_streak",
        "value": 7,
        "threshold": 90
      }
    },
    "cyber_expert": {
      "id": "cyber_expert",
      "name": "Cyber Expert",
      "description": "Completed 100 security scans",
      "icon": "👨‍💻",
      "points": 500,
      "category": "security",
      "rarity": "epic",
      "unlocked": false,
      "condition": {
        "type": "scan_count",
        "value": 100
      }
    },
    "digital_monk": {
      "id": "digital_monk",
      "name": "Digital Monk",
      "description": "Maintained perfect digital wellness for 30 days",
      "icon": "🧘",
      "points": 1000,
      "category": "wellness",
      "rarity": "legendary",
      "unlocked": false,
      "condition": {
        "type": "perfect_wellness_streak",
        "value": 30
      }
    },
    "password_master": {
      "id": "password_master",
      "name": "Password Master",
      "description": "Created 50 strong passwords",
      "icon": "🔑",
      "points": 150,
      "category": "security",
      "rarity": "uncommon",
      "unlocked": false,
      "condition": {
        "type": "strong_passwords_created",
        "value": 50
      }
    },
    "phishing_detector": {
      "id": "phishing_detector",
      "name": "Phishing Detector",
      "description": "Identified and avoided 5 phishing attempts",
      "icon": "🎣",
      "points": 250,
      "category": "security",
      "rarity": "rare",
      "unlocked": false,
      "condition": {
        "type": "phishing_avoided",
        "value": 5
      }
    },
    "safe_surfer": {
      "id": "safe_surfer",
      "name": "Safe Surfer",
      "description": "Browsed for 24 hours without encountering threats",
      "icon": "🏄",
      "points": 100,
      "category": "security",
      "rarity": "common",
      "unlocked": false,
      "condition": {
        "type": "safe_browsing_time",
        "value": 86400000
      }
    },
    "social_guardian": {
      "id": "social_guardian",
      "name": "Social Guardian",
      "description": "Prevented 25 instances of harmful language",
      "icon": "🤝",
      "points": 200,
      "category": "social",
      "rarity": "uncommon",
      "unlocked": false,
      "condition": {
        "type": "harmful_language_prevented",
        "value": 25
      }
    },
    "data_protector": {
      "id": "data_protector",
      "name": "Data Protector",
      "description": "Prevented 10 sensitive data exposures",
      "icon": "🔐",
      "points": 300,
      "category": "privacy",
      "rarity": "rare",
      "unlocked": false,
      "condition": {
        "type": "data_exposure_prevented",
        "value": 10
      }
    },
    "wellness_champion": {
      "id": "wellness_champion",
      "name": "Wellness Champion",
      "description": "Achieved perfect balance score 10 times",
      "icon": "🏆",
      "points": 400,
      "category": "wellness",
      "rarity": "epic",
      "unlocked": false,
      "condition": {
        "type": "perfect_balance_count",
        "value": 10
      }
    },
    "cyber_defender": {
      "id": "cyber_defender",
      "name": "Cyber Defender",
      "description": "Maintained 100% security score for 14 days",
      "icon": "🛡️⚡",
      "points": 750,
      "category": "security",
      "rarity": "legendary",
      "unlocked": false,
      "condition": {
        "type": "perfect_security_streak",
        "value": 14
      }
    },
    "mindful_browser": {
      "id": "mindful_browser",
      "name": "Mindful Browser",
      "description": "Took breaks every hour for 24 hours",
      "icon": "🧠",
      "points": 200,
      "category": "wellness",
      "rarity": "uncommon",
      "unlocked": false,
      "condition": {
        "type": "hourly_breaks_streak",
        "value": 24
      }
    },
    "security_educator": {
      "id": "security_educator",
      "name": "Security Educator",
      "description": "Shared 5 security tips with others",
      "icon": "👨‍🏫",
      "points": 150,
      "category": "social",
      "rarity": "uncommon",
      "unlocked": false,
      "condition": {
        "type": "tips_shared",
        "value": 5
      }
    }
  },
  "categories": {
    "security": {
      "name": "Security",
      "description": "Achievements related to cybersecurity and threat prevention",
      "color": "#4a90e2",
      "icon": "🛡️"
    },
    "privacy": {
      "name": "Privacy",
      "description": "Achievements for protecting personal data and privacy",
      "color": "#50e3c2",
      "icon": "🔒"
    },
    "wellness": {
      "name": "Digital Wellness",
      "description": "Achievements for maintaining healthy digital habits",
      "color": "#48bb78",
      "icon": "🧘"
    },
    "social": {
      "name": "Social Responsibility",
      "description": "Achievements for promoting positive online behavior",
      "color": "#ed8936",
      "icon": "🤝"
    }
  },
  "rarities": {
    "common": {
      "name": "Common",
      "color": "#718096",
      "multiplier": 1.0
    },
    "uncommon": {
      "name": "Uncommon",
      "color": "#38a169",
      "multiplier": 1.2
    },
    "rare": {
      "name": "Rare",
      "color": "#3182ce",
      "multiplier": 1.5
    },
    "epic": {
      "name": "Epic",
      "color": "#805ad5",
      "multiplier": 2.0
    },
    "legendary": {
      "name": "Legendary",
      "color": "#d69e2e",
      "multiplier": 3.0
    }
  },
  "progression": {
    "levels": [
      { "level": 1, "points": 0, "title": "Digital Novice" },
      { "level": 2, "points": 100, "title": "Security Aware" },
      { "level": 3, "points": 300, "title": "Privacy Conscious" },
      { "level": 4, "points": 600, "title": "Cyber Vigilant" },
      { "level": 5, "points": 1000, "title": "Security Practitioner" },
      { "level": 6, "points": 1500, "title": "Digital Guardian" },
      { "level": 7, "points": 2200, "title": "Threat Hunter" },
      { "level": 8, "points": 3000, "title": "Cyber Defender" },
      { "level": 9, "points": 4000, "title": "Security Expert" },
      { "level": 10, "points": 5500, "title": "Cyber Master" }
    ]
  },
  "tips": [
    "Use unique passwords for each account to prevent credential stuffing attacks.",
    "Enable two-factor authentication whenever possible for extra security.",
    "Keep your browser and operating system updated to patch security vulnerabilities.",
    "Be cautious of suspicious links and emails - when in doubt, don't click.",
    "Take regular breaks from screens to maintain good digital wellness.",
    "Review your privacy settings on social media platforms regularly.",
    "Use a reputable password manager to generate and store strong passwords.",
    "Avoid using public Wi-Fi for sensitive activities like banking.",
    "Backup your important data regularly to protect against ransomware.",
    "Be mindful of what personal information you share online.",
    "Use HTTPS websites whenever possible, especially for sensitive transactions.",
    "Consider using a VPN when browsing on public networks.",
    "Regularly review and clean up your digital footprint.",
    "Practice the principle of least privilege - only give apps necessary permissions.",
    "Stay informed about the latest cybersecurity threats and trends."
  ]
}
